{"schemaVersion":"1.0","appDefinitionTemplate":{"id":"/providers/Microsoft.PowerApps/apps/","type":"Microsoft.PowerApps/apps","tags":{"primaryDeviceWidth":"1366","primaryDeviceHeight":"768","sienaVersion":"20200930T142009Z-3.20091.41.0","deviceCapabilities":"","supportsPortrait":"false","supportsLandscape":"true","primaryFormFactor":"Tablet","publisherVersion":"3.20091.41","minimumRequiredApiVersion":"2.2.0","hasComponent":"true","hasUnlockedComponent":"true","isUnifiedRootApp":"false"},"properties":{"appVersion":"2020-09-30T14:20:09Z","lifeCycleId":"Published","createdByClientVersion":{"major":3,"minor":20091,"build":41,"revision":0,"majorRevision":0,"minorRevision":0},"minClientVersion":{"major":3,"minor":20091,"build":41,"revision":0,"majorRevision":0,"minorRevision":0},"backgroundColor":"rgba(251, 101, 60, 1)","backgroundImageUri":"/14472886377442486248/N69e6578b-9136-4d8b-b3a9-2331b67f9e5e-logoSmallFile","displayName":"NumberPuzzle","description":"","commitMessage":"","appUris":{"documentUri":{"value":"/14472886377442486248/N3b37224d-d9c9-4898-921b-33e1efcca00c-document.msapp","readonlyValue":"/14472886377442486248/N3b37224d-d9c9-4898-921b-33e1efcca00c-document.msapp"},"imageUris":[]},"createdTime":"0001-01-01T00:00:00Z","lastModifiedTime":"0001-01-01T00:00:00Z","sharedGroupsCount":0,"sharedUsersCount":0,"icons":{"smallIconUri":"/14472886377442486248/Ncd4f6b6d-b9b4-43ad-b117-6e4533a83db8-small.png","mediumIconUri":"/14472886377442486248/Na79e56bc-cdf9-403c-99c2-9c0c34acafed-medium.png","largeIconUri":"/14472886377442486248/N7fda242c-f04e-4c6e-932b-ff237cdecdba-large.png","wideIconUri":"/14472886377442486248/N83904f10-7369-44b7-9d7e-54500509be34-wide.png"},"connectionReferences":{},"databaseReferences":{},"almMode":"Environment","performanceOptimizationEnabled":true,"canConsumeAppPass":true},"isAppComponentLibrary":false,"appType":"ClassicCanvasApp","appComponents":[]}}